category,rank,name,location,imageurl,description,latitude,longitude,ratingurl
restaurants,1,The Old Stamp House Restaurant,"Ambleside, United Kingdom",https://media-cdn.tripadvisor.com/media/photo-s/05/68/f3/09/food-inspired-by-cumbria.jpg,All the staff want you to enjoy every moment of every course. Knowledge and love of food and where and how it is sourced. And you will enjoy every mouthful.,54.431954,-2.9630528,/Restaurant_Review-g186319-d1209702-Reviews-The_Old_Stamp_House_Restaurant-Ambleside_Lake_District_Cumbria_England.html
restaurants,2,Oro Restaurante,"Rio de Janeiro, Brazil",https://media-cdn.tripadvisor.com/media/photo-s/1d/55/0b/f6/caption.jpg,"Amazing tasting menu, with unique combinations of flavors and very creative presentation. They make drinks based on your preferences, which is fun. A place for a long, lingering, expensive meal.",-22.9110137,-43.2093727,/Restaurant_Review-g303506-d10551429-Reviews-Oro_Restaurante-Rio_de_Janeiro_State_of_Rio_de_Janeiro.html
restaurants,3,Madonnina del Pescatore,"Senigallia, Italy",https://media-cdn.tripadvisor.com/media/photo-s/08/c9/bb/71/madonnina-del-pescatore.jpg,"Beautiful location, amazing food and wine, pure theatre. The level of service, the quality of the food, the artistry and imagination make this an unforgettable experience. A joyous afternoon.",43.7149517,13.2179488,/Restaurant_Review-g194914-d1011774-Reviews-Madonnina_del_Pescatore-Senigallia_Province_of_Ancona_Marche.html
restaurants,4,Martin Berasategui,"Lasarte-Oria, Spain",https://media-cdn.tripadvisor.com/media/photo-s/18/f0/37/95/photo3jpg.jpg,The best combinations of flavors we have ever experienced. The meal was culinary poetry.,43.2684642,-2.0193784,/Restaurant_Review-g1078423-d948529-Reviews-Martin_Berasategui-Lasarte_Oria_Province_of_Guipuzcoa_Basque_Country.html
restaurants,5,El Xato,"La Nucia, Spain",https://media-cdn.tripadvisor.com/media/photo-s/0f/0f/9e/a4/esferico-de-aceitunas.jpg,"Fantastic food, great wine, wonderful service. The food was beautiful and thoughtful in presentation. Every dish showcased the ingredients brilliantly and every mouthful was delicious.",38.6133727,-0.1257319,/Restaurant_Review-g1064365-d2002147-Reviews-El_Xato-La_Nucia_Province_of_Alicante_Valencian_Country.html
restaurants,6,Ristorante Villa Crespi,"Orta San Giulio, Italy",https://media-cdn.tripadvisor.com/media/photo-s/14/00/0b/73/antonino-cannavacciuolo.jpg,"Peerless from start to finish. What could have been an intimidating experience was rendered warm, engaging and friendly by the terrific team.",45.7980814,8.406951,/Restaurant_Review-g187854-d1060675-Reviews-Ristorante_Villa_Crespi-Orta_San_Giulio_Province_of_Novara_Piedmont.html
restaurants,7,Guillaume Scheer - Les Plaisirs Gourmands,"Schiltigheim, France",https://media-cdn.tripadvisor.com/media/photo-s/1b/38/46/c4/saumon-marine.jpg,"The name of the restaurant says it all: pure pleasure, from the fabulous, well presented and tasteful dishes to the wine selection and discreet though friendly service.",48.6047148,7.7484488,/Restaurant_Review-g1079304-d3412194-Reviews-Guillaume_Scheer_Les_Plaisirs_Gourmands-Schiltigheim_Strasbourg_Bas_Rhin_Grand_E.html
restaurants,8,Sachi Heliopolis,"Cairo, Egypt",https://media-cdn.tripadvisor.com/media/photo-s/21/b8/e0/49/you-had-us-at-sushi.jpg,"Lovely elegant restaurant in Heliopolis with calm, stylish dark interiors and fabulous service. Each dish was better than the last.",30.0443879,31.2357257,/Restaurant_Review-g294201-d7681557-Reviews-Sachi_Heliopolis-Cairo_Cairo_Governorate.html
restaurants,9,Auberge Du Vieux Puits,"Fontjoncouse, France",https://media-cdn.tripadvisor.com/media/photo-w/17/64/93/66/mandarine-en-sorbet-peau.jpg,"Truly a dream. From local ingredients, the chef conjures up aromas, textures and flavors you've never experienced. The stuff of legend. WOW!",43.0485,2.78809,/Restaurant_Review-g674102-d794269-Reviews-Auberge_Du_Vieux_Puits-Fontjoncouse_Aude_Occitanie.html
restaurants,10,Paul Ainsworth at No,"Padstow, United Kingdom",https://media-cdn.tripadvisor.com/media/photo-s/1b/1a/33/da/cici-s-bar.jpg,Simply outstanding. The inventiveness of the food and the depth of flavours and textures were amazing. Everything was just delicious.,50.5403819,-4.9369874,/Restaurant_Review-g315948-d731121-Reviews-Paul_Ainsworth_at_No_6-Padstow_Cornwall_England.html
restaurants,11,La Colombe,"Constantia, South Africa",https://media-cdn.tripadvisor.com/media/photo-s/1c/b7/ad/70/img-20210307-180759-185.jpg,Can I award six stars? I will have to find a thesaurus to adequately describe the food. The service was also beyond fault.,-34.0283333,18.4155556,/Restaurant_Review-g312660-d1009903-Reviews-La_Colombe-Constantia_Western_Cape.html
restaurants,12,Restaurante Origem,"Salvador, Brazil",https://media-cdn.tripadvisor.com/media/photo-s/1c/3e/c5/6c/polvo-com-manioquinha.jpg,Outstanding tasty of the Brazilian cosine.,-12.9822499,-38.4812772,/Restaurant_Review-g303272-d10715594-Reviews-Restaurante_Origem-Salvador_State_of_Bahia.html
restaurants,13,The Grove,"Auckland Central, New Zealand",https://media-cdn.tripadvisor.com/media/photo-s/1b/07/cd/2d/cromwell-cherries-sweet.jpg,"A visual, gastronomic and service delight",-36.8430673,174.7691893,/Restaurant_Review-g255106-d726050-Reviews-The_Grove-Auckland_Central_North_Island.html
restaurants,14,Sails Restaurant,"Auckland Central, New Zealand",https://media-cdn.tripadvisor.com/media/photo-s/1c/b5/22/d3/kingfish-crudo-jalapeno.jpg,The cuisine at Sails is always delicious and beautifully presented. It's a great restaurant with a lovely outlook over Westhaven Marina and the harbour bridge.,-36.8430673,174.7691893,/Restaurant_Review-g255106-d725114-Reviews-Sails_Restaurant-Auckland_Central_North_Island.html
restaurants,15,PIC,"Valence, France",https://media-cdn.tripadvisor.com/media/photo-s/0f/07/de/5f/les-creations-d-anne.jpg,A must try ;),44.9332277,4.8920811,/Restaurant_Review-g187272-d719830-Reviews-PIC-Valence_Drome_Auvergne_Rhone_Alpes.html
restaurants,16,Ristorante Don Alfonso 1890,"Sant'Agata sui Due Golfi, Italy",https://media-cdn.tripadvisor.com/media/photo-s/1c/04/a9/2b/photo8jpg.jpg,"Exceptional experience, and one we'll always remember!",40.6070492,14.3732936,/Restaurant_Review-g644245-d716377-Reviews-Ristorante_Don_Alfonso_1890-Sant_Agata_sui_Due_Golfi_Massa_Lubrense_Province_of_Na.html
restaurants,17,Akira Back,"Bangkok, Thailand",https://media-cdn.tripadvisor.com/media/photo-s/17/7f/a4/31/akira-back-yukhoe.jpg,"Dishes were delicious, inventive, and beautifully presented and the views on the 38th floor just above the restaurant were a nice end to our evening.",13.7524938,100.4935089,/Restaurant_Review-g293916-d13275747-Reviews-Akira_Back-Bangkok.html
restaurants,18,Maido,"Lima, Peru",https://media-cdn.tripadvisor.com/media/photo-s/08/d2/2a/76/frejoles-regionales.jpg,Noel Raimundo Decàn review of Maido,-12.0621065,-77.0365256,/Restaurant_Review-g294316-d1759465-Reviews-Maido-Lima_Lima_Region.html
restaurants,19,Lahaina Grill,"Lahaina, Hawaii",https://media-cdn.tripadvisor.com/media/photo-s/12/10/11/36/dining-room-at-lahaina.jpg,This place is like home. It makes you feel like the most important guest. Food is exceptional and the service is fantastic.,20.8738769,-156.677678,/Restaurant_Review-g60634-d404360-Reviews-Lahaina_Grill-Lahaina_Maui_Hawaii.html
restaurants,20,5 Gourmet Restaurant & Bar,"Stuttgart, Germany",https://media-cdn.tripadvisor.com/media/photo-s/1d/0b/65/64/passion-von-alexander.jpg,Fantastic gourmet dinner in the heart of Stuttgart!!!,48.7784485,9.1800132,/Restaurant_Review-g187291-d2142723-Reviews-5-Stuttgart_Baden_Wurttemberg.html
restaurants,21,Chila,"Buenos Aires, Argentina",https://media-cdn.tripadvisor.com/media/photo-s/1c/8a/c1/78/opened-kitchen.jpg,Buenos Aires' Degustation Adventure,-34.6075682,-58.4370894,/Restaurant_Review-g312741-d1748914-Reviews-Chila-Buenos_Aires_Capital_Federal_District.html
restaurants,22,Summer Pavilion,"Singapore, Singapore",https://media-cdn.tripadvisor.com/media/photo-s/14/74/f8/6d/chilled-purple-sweet.jpg,"Impressive service, wonderful CNY dinner!",1.2899175,103.8519072,/Restaurant_Review-g294265-d796940-Reviews-Summer_Pavilion-Singapore.html
restaurants,23,Tin Lung Heen,"Hong Kong, China",https://media-cdn.tripadvisor.com/media/photo-s/09/50/38/cd/tin-lung-heen.jpg,Attentive service makes the excellent food taste even better.,22.2793278,114.1628131,/Restaurant_Review-g294217-d2399904-Reviews-Tin_Lung_Heen-Hong_Kong.html
restaurants,24,"Mandarin Grill + Bar at Mandarin Oriental, Hong Kong","Hong Kong, China",https://media-cdn.tripadvisor.com/media/photo-s/1c/a8/93/4e/classics-smoked-salmon.jpg,Brilliant food and service on birthday,22.2793278,114.1628131,/Restaurant_Review-g294217-d941989-Reviews-Mandarin_Grill_Bar_at_Mandarin_Oriental_Hong_Kong-Hong_Kong.html
restaurants,25,Restaurante 1621,"Cartagena, Colombia",https://media-cdn.tripadvisor.com/media/photo-s/22/09/a5/6c/un-comedor-de-400-anos.jpg,"Dining at this beautiful location, with such a rich history was an incredible experience. The food on the tasting menu was phenomenal...",10.4195841,-75.5271224,/Restaurant_Review-g297476-d2140318-Reviews-Restaurante_1621-Cartagena_Cartagena_District_Bolivar_Department.html
